"","Df","SumOfSqs","R2","F","Pr(>F)"
"Forest",1,0.034401096325749,0.0447619977068568,1.22072739644862,0.2856
"Arable",1,0.0529544240215308,0.0689032054145756,1.87909465309264,0.1356
"Timing",1,0.00320114334738453,0.00416526176427973,0.113592989802091,0.9515
"PC1",1,0.029572436084106,0.0384790444946409,1.04938175707422,0.3521
"PC2",1,0.0386738404132452,0.0503216042739108,1.37234627848165,0.2362
"Residual",23,0.648158809078982,0.843370887106191,NA,NA
"Total",28,0.768533534875708,1,NA,NA
