"","Df","SumOfSqs","R2","F","Pr(>F)"
"Forest",1,0.0442471272908873,0.0378996769502464,1.21949692549977,0.2973
"Arable",1,0.0556520677496257,0.0476685271669248,1.53382896639147,0.2069
"Timing",1,0.0789230528563527,0.0676011843100833,2.1752015600163,0.1008
"PC1",1,0.0212357095372355,0.0181893510505087,0.585278278547098,0.6206
"PC2",1,0.0456245786467382,0.0390795266850828,1.25746091991781,0.2844
"Residual",22,0.798228171014528,0.683718733086367,NA,NA
"Total",27,1.16748032836727,1,NA,NA
