"","Df","SumOfSqs","R2","F","Pr(>F)"
"Forest",1,0.0786321689156618,0.0725209657815773,3.73366310096227,0.0223
"Arable",1,0.031908744663958,0.0294288331584743,1.51511148926374,0.1901
"Mowing",1,0.064340905877872,0.0593404035252989,3.05507617901722,0.0419
"Grazing",1,0.101518367059208,0.0936284745191106,4.82036024677698,0.008
"Fert",1,0.0771969138824765,0.0711972571444531,3.66551340050542,0.0225
"PC1",1,0.0344555178317866,0.0317776739993728,1.63603900702611,0.1741
"PC2",1,0.0213402863810632,0.0196817434868173,1.01329317153139,0.3543
"Residual",35,0.73711147407458,0.679824004929913,NA,NA
"Total",42,1.08426808810697,1,NA,NA
